{
    "Video Path": "videos\\vid2.mp4",
    "Transcription": {
        "text": " Today we're over at each mall. I'm getting around to it What about you? What about you? What about you? You do it, Joe? What? I don't know. Uh-oh. I'm going to go. I'm going to go. I'm going to go. You're going to get that head. I'm going to go. I'm going to go. No. I'm going to go. No. No. No. No. No. No. No. No. No. No. No. No.",
        "segments": [
            {
                "id": 0,
                "seek": 0,
                "start": 0.0,
                "end": 3.5,
                "text": " Today we're over at each mall.",
                "tokens": [
                    50363,
                    6288,
                    356,
                    821,
                    625,
                    379,
                    1123,
                    17374,
                    13,
                    50538
                ],
                "temperature": 1.0,
                "avg_logprob": -4.27677001953125,
                "compression_ratio": 0.873015873015873,
                "no_speech_prob": 0.45896968245506287
            },
            {
                "id": 1,
                "seek": 0,
                "start": 20.76,
                "end": 24.240000000000002,
                "text": " I'm getting around to it",
                "tokens": [
                    51401,
                    314,
                    1101,
                    1972,
                    1088,
                    284,
                    340,
                    51575
                ],
                "temperature": 1.0,
                "avg_logprob": -4.27677001953125,
                "compression_ratio": 0.873015873015873,
                "no_speech_prob": 0.45896968245506287
            },
            {
                "id": 2,
                "seek": 2424,
                "start": 24.24,
                "end": 26.24,
                "text": " What about you?",
                "tokens": [
                    50363,
                    1867,
                    546,
                    345,
                    30,
                    50463
                ],
                "temperature": 0.2,
                "avg_logprob": -0.7140582436009457,
                "compression_ratio": 2.1020408163265305,
                "no_speech_prob": 0.5562843084335327
            },
            {
                "id": 3,
                "seek": 2424,
                "start": 26.24,
                "end": 28.24,
                "text": " What about you?",
                "tokens": [
                    50463,
                    1867,
                    546,
                    345,
                    30,
                    50563
                ],
                "temperature": 0.2,
                "avg_logprob": -0.7140582436009457,
                "compression_ratio": 2.1020408163265305,
                "no_speech_prob": 0.5562843084335327
            },
            {
                "id": 4,
                "seek": 2424,
                "start": 28.24,
                "end": 30.24,
                "text": " What about you?",
                "tokens": [
                    50563,
                    1867,
                    546,
                    345,
                    30,
                    50663
                ],
                "temperature": 0.2,
                "avg_logprob": -0.7140582436009457,
                "compression_ratio": 2.1020408163265305,
                "no_speech_prob": 0.5562843084335327
            },
            {
                "id": 5,
                "seek": 2424,
                "start": 30.24,
                "end": 32.239999999999995,
                "text": " You do it, Joe?",
                "tokens": [
                    50663,
                    921,
                    466,
                    340,
                    11,
                    5689,
                    30,
                    50763
                ],
                "temperature": 0.2,
                "avg_logprob": -0.7140582436009457,
                "compression_ratio": 2.1020408163265305,
                "no_speech_prob": 0.5562843084335327
            },
            {
                "id": 6,
                "seek": 2424,
                "start": 32.239999999999995,
                "end": 34.239999999999995,
                "text": " What?",
                "tokens": [
                    50763,
                    1867,
                    30,
                    50863
                ],
                "temperature": 0.2,
                "avg_logprob": -0.7140582436009457,
                "compression_ratio": 2.1020408163265305,
                "no_speech_prob": 0.5562843084335327
            },
            {
                "id": 7,
                "seek": 2424,
                "start": 34.239999999999995,
                "end": 36.239999999999995,
                "text": " I don't know.",
                "tokens": [
                    50863,
                    314,
                    836,
                    470,
                    760,
                    13,
                    50963
                ],
                "temperature": 0.2,
                "avg_logprob": -0.7140582436009457,
                "compression_ratio": 2.1020408163265305,
                "no_speech_prob": 0.5562843084335327
            },
            {
                "id": 8,
                "seek": 2424,
                "start": 36.239999999999995,
                "end": 38.239999999999995,
                "text": " Uh-oh.",
                "tokens": [
                    50963,
                    28574,
                    12,
                    1219,
                    13,
                    51063
                ],
                "temperature": 0.2,
                "avg_logprob": -0.7140582436009457,
                "compression_ratio": 2.1020408163265305,
                "no_speech_prob": 0.5562843084335327
            },
            {
                "id": 9,
                "seek": 2424,
                "start": 38.239999999999995,
                "end": 40.239999999999995,
                "text": " I'm going to go.",
                "tokens": [
                    51063,
                    314,
                    1101,
                    1016,
                    284,
                    467,
                    13,
                    51163
                ],
                "temperature": 0.2,
                "avg_logprob": -0.7140582436009457,
                "compression_ratio": 2.1020408163265305,
                "no_speech_prob": 0.5562843084335327
            },
            {
                "id": 10,
                "seek": 2424,
                "start": 40.239999999999995,
                "end": 42.239999999999995,
                "text": " I'm going to go.",
                "tokens": [
                    51163,
                    314,
                    1101,
                    1016,
                    284,
                    467,
                    13,
                    51263
                ],
                "temperature": 0.2,
                "avg_logprob": -0.7140582436009457,
                "compression_ratio": 2.1020408163265305,
                "no_speech_prob": 0.5562843084335327
            },
            {
                "id": 11,
                "seek": 2424,
                "start": 42.239999999999995,
                "end": 44.239999999999995,
                "text": " I'm going to go.",
                "tokens": [
                    51263,
                    314,
                    1101,
                    1016,
                    284,
                    467,
                    13,
                    51363
                ],
                "temperature": 0.2,
                "avg_logprob": -0.7140582436009457,
                "compression_ratio": 2.1020408163265305,